<?xml version="1.0" encoding="utf-8"?>
<Schedule xmlns:xsd="http://www.w3.org/2001/XMLSchema" xmlns:xsi="http://www.w3.org/2001/XMLSchema-instance" xmlns="poshsecframework.Utility">
  <ScheduleItems>
    <ScheduleItem>
      <ScriptName>startupprograms.ps1</ScriptName>
      <ScriptPath>C:\Users\Ben0xA\Documents\GitHub\PoshSecFramework\Scripts and Modules\Scripts\System Information\startupprograms.ps1</ScriptPath>
      <Parameters>
        <Properties>
          <psparameter>
            <Name>showintab</Name>
            <Description>Specifies whether to show the results in a PoshSec Framework Tab.</Description>
            <Category>Optional</Category>
            <DefaultValue xsi:type="xsd:boolean">true</DefaultValue>
            <IsFileName>false</IsFileName>
            <IsHostList>false</IsHostList>
            <TypeName>System.Boolean</TypeName>
          </psparameter>
          <psparameter>
            <Name>storedhosts</Name>
            <Description>This is for storing hosts from the framework for scheduling.</Description>
            <Category>Optional</Category>
            <Value xsi:type="xsd:string">&lt;Objs Version="1.1.0.1" xmlns="http://schemas.microsoft.com/powershell/2004/04"&gt;
  &lt;Obj RefId="0"&gt;
    &lt;TN RefId="0"&gt;
      &lt;T&gt;System.Collections.ObjectModel.Collection`1[[System.Management.Automation.PSObject, System.Management.Automation, Version=3.0.0.0, Culture=neutral, PublicKeyToken=31bf3856ad364e35]]&lt;/T&gt;
      &lt;T&gt;System.Object&lt;/T&gt;
    &lt;/TN&gt;
    &lt;LST&gt;
      &lt;Obj RefId="1"&gt;
        &lt;TN RefId="1"&gt;
          &lt;T&gt;System.Management.Automation.PSCustomObject&lt;/T&gt;
          &lt;T&gt;System.Object&lt;/T&gt;
        &lt;/TN&gt;
        &lt;MS&gt;
          &lt;S N="Name"&gt;APT0xA&lt;/S&gt;
          &lt;S N="IP_Address"&gt;192.168.1.2&lt;/S&gt;
          &lt;S N="MAC_Address"&gt;84-A6-C8-5B-75-7F&lt;/S&gt;
          &lt;S N="Status"&gt;Up&lt;/S&gt;
        &lt;/MS&gt;
      &lt;/Obj&gt;
    &lt;/LST&gt;
  &lt;/Obj&gt;
&lt;/Objs&gt;</Value>
            <IsFileName>false</IsFileName>
            <IsHostList>true</IsHostList>
            <TypeName>System.String</TypeName>
          </psparameter>
        </Properties>
      </Parameters>
      <ScheduledTime>
        <StartTime>2013-11-16T10:05:38</StartTime>
        <Frequency>Daily</Frequency>
        <DaysofWeek />
        <Months />
        <Dates />
      </ScheduledTime>
      <RunAs>CurrentUser</RunAs>
      <LastRunTime>11/16/2013 10:05 AM</LastRunTime>
      <Message />
      <Index>2</Index>
    </ScheduleItem>
  </ScheduleItems>
</Schedule>